[{"model": "auth.user", "pk": 1, "fields": {"password": "pbkdf2_sha256$180000$7nS8nux8DETb$opQGjrrPhU3KBAWOTQtBGTKVDy7gZS1xfsRnz6+Iuc8=", "last_login": "2020-10-28T18:27:09.546Z", "is_superuser": true, "username": "superadmin", "first_name": "", "last_name": "", "email": "", "is_staff": true, "is_active": true, "date_joined": "2020-06-14T08:12:14.005Z", "groups": [], "user_permissions": []}}, {"model": "help_bot.needhelp", "pk": 2, "fields": {"name": "\u0412\u0430\u0440\u0438\u0430\u043d\u0442 2", "parent": null, "user_input": "\u0412\u0430\u0440\u0438\u0430\u043d\u0442 2", "go_back": false, "link_to": null, "question": "\u0412\u043e\u043f\u0440\u043e\u0441 2", "go_default": false, "is_default": false, "statistic_web": 2, "statistic_telegram": 2, "lft": 1, "rght": 2, "tree_id": 14, "level": 0}}, {"model": "help_bot.needhelp", "pk": 4, "fields": {"name": "\u0412\u0430\u0440\u0438\u0430\u043d\u0442 3", "parent": null, "user_input": "\u0412\u0430\u0440\u0438\u0430\u043d\u0442 3", "go_back": false, "link_to": null, "question": "\u0412\u043e\u043f\u0440\u043e\u0441 3", "go_default": false, "is_default": false, "statistic_web": 4, "statistic_telegram": 4, "lft": 1, "rght": 2, "tree_id": 16, "level": 0}}, {"model": "help_bot.needhelp", "pk": 5, "fields": {"name": "\u0412\u0430\u0440\u0438\u0430\u043d\u0442 1", "parent": null, "user_input": "\u0412\u0430\u0440\u0438\u0430\u043d\u0442 1", "go_back": false, "link_to": null, "question": "\u0412\u043e\u043f\u0440\u043e\u0441 1", "go_default": false, "is_default": false, "statistic_web": 5, "statistic_telegram": 5, "lft": 1, "rght": 6, "tree_id": 13, "level": 0}}, {"model": "help_bot.needhelp", "pk": 51, "fields": {"name": "default_end_dialog", "parent": null, "user_input": "default_end_dialog", "go_back": false, "link_to": null, "question": null, "go_default": false, "is_default": true, "statistic_web": 51, "statistic_telegram": 51, "lft": 1, "rght": 8, "tree_id": 6, "level": 0}}, {"model": "help_bot.needhelp", "pk": 52, "fields": {"name": "\u0421\u0432\u044f\u0437\u0430\u0442\u044c\u0441\u044f \u0441 \u043a\u043e\u043d\u0441\u0443\u043b\u044c\u0442\u0430\u043d\u0442\u043e\u043c", "parent": 51, "user_input": "\u0421\u0432\u044f\u0437\u0430\u0442\u044c\u0441\u044f \u0441 \u043a\u043e\u043d\u0441\u0443\u043b\u044c\u0442\u0430\u043d\u0442\u043e\u043c", "go_back": false, "link_to": null, "question": null, "go_default": false, "is_default": false, "statistic_web": 52, "statistic_telegram": 52, "lft": 4, "rght": 7, "tree_id": 6, "level": 1}}, {"model": "help_bot.needhelp", "pk": 53, "fields": {"name": "\u0412\u0435\u0440\u043d\u0443\u0442\u044c\u0441\u044f \u0432 \u043c\u0435\u043d\u044e", "parent": 51, "user_input": "\u0412\u0435\u0440\u043d\u0443\u0442\u044c\u0441\u044f \u0432 \u043c\u0435\u043d\u044e", "go_back": true, "link_to": null, "question": null, "go_default": false, "is_default": false, "statistic_web": 53, "statistic_telegram": 53, "lft": 2, "rght": 3, "tree_id": 6, "level": 1}}, {"model": "help_bot.needhelp", "pk": 54, "fields": {"name": "\u0412\u0435\u0440\u043d\u0443\u0442\u044c\u0441\u044f \u0432 \u043c\u0435\u043d\u044e", "parent": 52, "user_input": "\u0412\u0435\u0440\u043d\u0443\u0442\u044c\u0441\u044f \u0432 \u043c\u0435\u043d\u044e", "go_back": true, "link_to": null, "question": null, "go_default": false, "is_default": false, "statistic_web": 54, "statistic_telegram": 54, "lft": 5, "rght": 6, "tree_id": 6, "level": 2}}, {"model": "help_bot.needhelp", "pk": 320, "fields": {"name": "\u0412\u0430\u0440\u0438\u0430\u043d\u0442 1.1", "parent": 5, "user_input": "\u0412\u0430\u0440\u0438\u0430\u043d\u0442 1.1", "go_back": false, "link_to": null, "question": "\u0412\u043e\u043f\u0440\u043e\u0441 1.1", "go_default": true, "is_default": false, "statistic_web": 320, "statistic_telegram": 320, "lft": 2, "rght": 3, "tree_id": 13, "level": 1}}, {"model": "help_bot.needhelp", "pk": 321, "fields": {"name": "\u0412\u0430\u0440\u0438\u0430\u043d\u0442 1.2", "parent": 5, "user_input": "\u0412\u0430\u0440\u0438\u0430\u043d\u0442 1.2", "go_back": false, "link_to": null, "question": "\u0412\u043e\u043f\u0440\u043e\u0441 1.2", "go_default": true, "is_default": false, "statistic_web": 321, "statistic_telegram": 321, "lft": 4, "rght": 5, "tree_id": 13, "level": 1}}, {"model": "help_bot.telegrambot", "pk": 8, "fields": {"name": "test", "token": "123", "web_hook": null, "in_work": true}}, {"model": "help_bot.helptext", "pk": 2, "fields": {"relation_to": 2, "name": "\u0422\u0435\u043a\u0441\u0442 \u0412\u0430\u0440\u0438\u0430\u043d\u0442 2", "text": "\u0422\u0435\u043a\u0441\u0442 \u0412\u0430\u0440\u0438\u0430\u043d\u0442 2", "geo_link_name": null, "address": null, "latitude": null, "longitude": null, "telegram_geo_url": null}}, {"model": "help_bot.helptext", "pk": 4, "fields": {"relation_to": 4, "name": "\u0422\u0435\u043a\u0441\u0442 \u0412\u0430\u0440\u0438\u0430\u043d\u0442 3", "text": "\u0422\u0435\u043a\u0441\u0442 \u0412\u0430\u0440\u0438\u0430\u043d\u0442 3", "geo_link_name": null, "address": null, "latitude": null, "longitude": null, "telegram_geo_url": null}}, {"model": "help_bot.helptext", "pk": 5, "fields": {"relation_to": 5, "name": "\u0422\u0435\u043a\u0441\u0442 \u0412\u0430\u0440\u0438\u0430\u043d\u0442 1", "text": "\u0422\u0435\u043a\u0441\u0442 \u0412\u0430\u0440\u0438\u0430\u043d\u0442 1", "geo_link_name": null, "address": null, "latitude": null, "longitude": null, "telegram_geo_url": null}}, {"model": "help_bot.helptext", "pk": 43, "fields": {"relation_to": 51, "name": "default_end_dialog", "text": "default_end_dialog", "geo_link_name": null, "address": null, "latitude": null, "longitude": null, "telegram_geo_url": null}}, {"model": "help_bot.helptext", "pk": 44, "fields": {"relation_to": 52, "name": "\u0421\u0432\u044f\u0437\u0430\u0442\u044c\u0441\u044f \u0441 \u043a\u043e\u043d\u0441\u0443\u043b\u044c\u0442\u0430\u043d\u0442\u043e\u043c", "text": "\u041e\u0431\u0449\u0435\u043d\u0430\u0446\u0438\u043e\u043d\u0430\u043b\u044c\u043d\u0430\u044f \u0433\u043e\u0440\u044f\u0447\u0430\u044f \u043b\u0438\u043d\u0438\u044f \u0434\u043b\u044f \u043f\u043e\u0441\u0442\u0440\u0430\u0434\u0430\u0432\u0448\u0438\u0445 \u043e\u0442 \u0434\u043e\u043c\u0430\u0448\u043d\u0435\u0433\u043e \u043d\u0430\u0441\u0438\u043b\u0438\u044f:\r\n\u0422\u0435\u043b: <a href=\"tel:29-1234567\">29-1234567</a>", "geo_link_name": null, "address": null, "latitude": null, "longitude": null, "telegram_geo_url": null}}, {"model": "help_bot.helptext", "pk": 326, "fields": {"relation_to": 320, "name": "\u0422\u0435\u043a\u0441\u0442 1.1", "text": "\u0422\u0435\u043a\u0441\u0442 1.1", "geo_link_name": null, "address": null, "latitude": null, "longitude": null, "telegram_geo_url": null}}, {"model": "help_bot.helptext", "pk": 327, "fields": {"relation_to": 321, "name": "\u0422\u0435\u043a\u0441\u0442 \u0412\u0430\u0440\u0438\u0430\u043d\u0442 1.2", "text": "\u0422\u0435\u043a\u0441\u0442 \u0412\u0430\u0440\u0438\u0430\u043d\u0442 1.2", "geo_link_name": null, "address": null, "latitude": null, "longitude": null, "telegram_geo_url": null}}, {"model": "help_bot.startmessage", "pk": 1, "fields": {"name": "\u0417\u0434\u0440\u0430\u0432\u0441\u0442\u0432\u0443\u0439\u0442\u0435!", "text": "\u0417\u0434\u0440\u0430\u0432\u0441\u0442\u0432\u0443\u0439\u0442\u0435! \u0412\u0430\u0441 \u043f\u0440\u0438\u0432\u0435\u0442\u0441\u0442\u0432\u0443\u0435\u0442 \u0447\u0430\u0442-\u0431\u043e\u0442!\u0412\u0430\u0441 \u043f\u0440\u0438\u0432\u0435\u0442\u0441\u0442\u0432\u0443\u0435\u0442 \u0447\u0430\u0442-\u0431\u043e\u0442!\u0412\u0430\u0441 \u043f\u0440\u0438\u0432\u0435\u0442\u0441\u0442\u0432\u0443\u0435\u0442 \u0447\u0430\u0442-\u0431\u043e\u0442!\u0412\u0430\u0441 \u043f\u0440\u0438\u0432\u0435\u0442\u0441\u0442\u0432\u0443\u0435\u0442 \u0447\u0430\u0442-\u0431\u043e\u0442!\u0412\u0430\u0441 \u043f\u0440\u0438\u0432\u0435\u0442\u0441\u0442\u0432\u0443\u0435\u0442 \u0447\u0430\u0442-\u0431\u043e\u0442!\u0412\u0430\u0441 \u043f\u0440\u0438\u0432\u0435\u0442\u0441\u0442\u0432\u0443\u0435\u0442 \u0447\u0430\u0442-\u0431\u043e\u0442!\r\n\u0412\u0430\u0441 \u043f\u0440\u0438\u0432\u0435\u0442\u0441\u0442\u0432\u0443\u0435\u0442 \u0447\u0430\u0442-\u0431\u043e\u0442!\r\n\r\n\u0412\u0435\u0440\u043d\u0443\u0442\u044c\u0441\u044f \u0432 \u043c\u0435\u043d\u044e \u0432\u044b \u0441\u043c\u043e\u0436\u0435\u0442\u0435 \u043d\u0430\u0436\u0430\u0432 \u043d\u0430 \u043a\u043d\u043e\u043f\u043a\u0438: \r\n1. \u041a\u043d\u043e\u043f\u043a\u0430 \u0441 \u043a\u0440\u0443\u0433\u043b\u043e\u0439 \u0441\u0442\u0440\u0435\u043b\u043a\u043e\u0439 (\u0442\u043e\u043b\u044c\u043a\u043e \u043d\u0430 \u0441\u0430\u0439\u0442\u0435)\r\n2. \u041a\u043d\u043e\u043f\u043a\u0430 \"\u0412\u0435\u0440\u043d\u0443\u0442\u044c\u0441\u044f \u0432 \u043c\u0435\u043d\u044e\" \u0432\u043e \u0432\u0440\u0435\u043c\u044f \u0434\u0438\u0430\u043b\u043e\u0433\u0430", "hello_text": true, "sorry_text": false}}, {"model": "help_bot.startmessage", "pk": 2, "fields": {"name": "\u041f\u0435\u0440\u0435\u0437\u0430\u0433\u0440\u0443\u0437\u043a\u0430", "text": "\u0412\u043e\u0437\u0432\u0440\u0430\u0449\u0430\u0435\u043c \u0432\u0430\u0441 \u0432 \u0441\u0442\u0430\u0440\u0442\u043e\u0432\u043e\u0435 \u043c\u0435\u043d\u044e.", "hello_text": false, "sorry_text": true}}, {"model": "help_bot.startmessage", "pk": 3, "fields": {"name": "help_type", "text": "<b>\u0412\u044b\u0431\u0435\u0440\u0438\u0442\u0435 \u0432 \u043c\u0435\u043d\u044e, \u0447\u0442\u043e \u0432\u0430\u043c \u043f\u043e\u0434\u0445\u043e\u0434\u0438\u0442.</b>", "hello_text": false, "sorry_text": false}}, {"model": "help_bot.chatpositionweb", "pk": 2, "fields": {"ip_address": "127.0.0.1", "position": 2}}, {"model": "help_bot.statisticweb", "pk": 1, "fields": {"count": 0}}, {"model": "help_bot.statisticweb", "pk": 2, "fields": {"count": 3}}, {"model": "help_bot.statisticweb", "pk": 3, "fields": {"count": 0}}, {"model": "help_bot.statisticweb", "pk": 4, "fields": {"count": 2}}, {"model": "help_bot.statisticweb", "pk": 5, "fields": {"count": 1}}, {"model": "help_bot.statisticweb", "pk": 6, "fields": {"count": 0}}, {"model": "help_bot.statisticweb", "pk": 7, "fields": {"count": 0}}, {"model": "help_bot.statisticweb", "pk": 8, "fields": {"count": 0}}, {"model": "help_bot.statisticweb", "pk": 9, "fields": {"count": 0}}, {"model": "help_bot.statisticweb", "pk": 11, "fields": {"count": 0}}, {"model": "help_bot.statisticweb", "pk": 12, "fields": {"count": 0}}, {"model": "help_bot.statisticweb", "pk": 13, "fields": {"count": 0}}, {"model": "help_bot.statisticweb", "pk": 14, "fields": {"count": 0}}, {"model": "help_bot.statisticweb", "pk": 15, "fields": {"count": 0}}, {"model": "help_bot.statisticweb", "pk": 17, "fields": {"count": 0}}, {"model": "help_bot.statisticweb", "pk": 20, "fields": {"count": 0}}, {"model": "help_bot.statisticweb", "pk": 21, "fields": {"count": 0}}, {"model": "help_bot.statisticweb", "pk": 25, "fields": {"count": 0}}, {"model": "help_bot.statisticweb", "pk": 30, "fields": {"count": 0}}, {"model": "help_bot.statisticweb", "pk": 31, "fields": {"count": 0}}, {"model": "help_bot.statisticweb", "pk": 32, "fields": {"count": 0}}, {"model": "help_bot.statisticweb", "pk": 33, "fields": {"count": 0}}, {"model": "help_bot.statisticweb", "pk": 34, "fields": {"count": 0}}, {"model": "help_bot.statisticweb", "pk": 35, "fields": {"count": 0}}, {"model": "help_bot.statisticweb", "pk": 36, "fields": {"count": 0}}, {"model": "help_bot.statisticweb", "pk": 37, "fields": {"count": 0}}, {"model": "help_bot.statisticweb", "pk": 38, "fields": {"count": 0}}, {"model": "help_bot.statisticweb", "pk": 39, "fields": {"count": 0}}, {"model": "help_bot.statisticweb", "pk": 43, "fields": {"count": 0}}, {"model": "help_bot.statisticweb", "pk": 44, "fields": {"count": 0}}, {"model": "help_bot.statisticweb", "pk": 45, "fields": {"count": 0}}, {"model": "help_bot.statisticweb", "pk": 46, "fields": {"count": 0}}, {"model": "help_bot.statisticweb", "pk": 47, "fields": {"count": 0}}, {"model": "help_bot.statisticweb", "pk": 48, "fields": {"count": 0}}, {"model": "help_bot.statisticweb", "pk": 49, "fields": {"count": 0}}, {"model": "help_bot.statisticweb", "pk": 50, "fields": {"count": 0}}, {"model": "help_bot.statisticweb", "pk": 51, "fields": {"count": 0}}, {"model": "help_bot.statisticweb", "pk": 52, "fields": {"count": 0}}, {"model": "help_bot.statisticweb", "pk": 53, "fields": {"count": 0}}, {"model": "help_bot.statisticweb", "pk": 54, "fields": {"count": 0}}, {"model": "help_bot.statisticweb", "pk": 55, "fields": {"count": 0}}, {"model": "help_bot.statisticweb", "pk": 56, "fields": {"count": 0}}, {"model": "help_bot.statisticweb", "pk": 57, "fields": {"count": 0}}, {"model": "help_bot.statisticweb", "pk": 58, "fields": {"count": 0}}, {"model": "help_bot.statisticweb", "pk": 59, "fields": {"count": 0}}, {"model": "help_bot.statisticweb", "pk": 60, "fields": {"count": 0}}, {"model": "help_bot.statisticweb", "pk": 61, "fields": {"count": 0}}, {"model": "help_bot.statisticweb", "pk": 62, "fields": {"count": 0}}, {"model": "help_bot.statisticweb", "pk": 63, "fields": {"count": 0}}, {"model": "help_bot.statisticweb", "pk": 64, "fields": {"count": 0}}, {"model": "help_bot.statisticweb", "pk": 65, "fields": {"count": 0}}, {"model": "help_bot.statisticweb", "pk": 66, "fields": {"count": 0}}, {"model": "help_bot.statisticweb", "pk": 67, "fields": {"count": 0}}, {"model": "help_bot.statisticweb", "pk": 68, "fields": {"count": 0}}, {"model": "help_bot.statisticweb", "pk": 69, "fields": {"count": 0}}, {"model": "help_bot.statisticweb", "pk": 70, "fields": {"count": 0}}, {"model": "help_bot.statisticweb", "pk": 71, "fields": {"count": 0}}, {"model": "help_bot.statisticweb", "pk": 72, "fields": {"count": 0}}, {"model": "help_bot.statisticweb", "pk": 73, "fields": {"count": 0}}, {"model": "help_bot.statisticweb", "pk": 74, "fields": {"count": 0}}, {"model": "help_bot.statisticweb", "pk": 75, "fields": {"count": 0}}, {"model": "help_bot.statisticweb", "pk": 76, "fields": {"count": 0}}, {"model": "help_bot.statisticweb", "pk": 77, "fields": {"count": 0}}, {"model": "help_bot.statisticweb", "pk": 78, "fields": {"count": 0}}, {"model": "help_bot.statisticweb", "pk": 79, "fields": {"count": 0}}, {"model": "help_bot.statisticweb", "pk": 80, "fields": {"count": 0}}, {"model": "help_bot.statisticweb", "pk": 81, "fields": {"count": 0}}, {"model": "help_bot.statisticweb", "pk": 82, "fields": {"count": 0}}, {"model": "help_bot.statisticweb", "pk": 83, "fields": {"count": 0}}, {"model": "help_bot.statisticweb", "pk": 84, "fields": {"count": 0}}, {"model": "help_bot.statisticweb", "pk": 85, "fields": {"count": 0}}, {"model": "help_bot.statisticweb", "pk": 86, "fields": {"count": 0}}, {"model": "help_bot.statisticweb", "pk": 87, "fields": {"count": 0}}, {"model": "help_bot.statisticweb", "pk": 88, "fields": {"count": 0}}, {"model": "help_bot.statisticweb", "pk": 89, "fields": {"count": 0}}, {"model": "help_bot.statisticweb", "pk": 90, "fields": {"count": 0}}, {"model": "help_bot.statisticweb", "pk": 91, "fields": {"count": 0}}, {"model": "help_bot.statisticweb", "pk": 92, "fields": {"count": 0}}, {"model": "help_bot.statisticweb", "pk": 93, "fields": {"count": 0}}, {"model": "help_bot.statisticweb", "pk": 94, "fields": {"count": 0}}, {"model": "help_bot.statisticweb", "pk": 95, "fields": {"count": 0}}, {"model": "help_bot.statisticweb", "pk": 96, "fields": {"count": 0}}, {"model": "help_bot.statisticweb", "pk": 97, "fields": {"count": 0}}, {"model": "help_bot.statisticweb", "pk": 98, "fields": {"count": 0}}, {"model": "help_bot.statisticweb", "pk": 99, "fields": {"count": 0}}, {"model": "help_bot.statisticweb", "pk": 100, "fields": {"count": 0}}, {"model": "help_bot.statisticweb", "pk": 101, "fields": {"count": 0}}, {"model": "help_bot.statisticweb", "pk": 102, "fields": {"count": 0}}, {"model": "help_bot.statisticweb", "pk": 103, "fields": {"count": 0}}, {"model": "help_bot.statisticweb", "pk": 104, "fields": {"count": 0}}, {"model": "help_bot.statisticweb", "pk": 105, "fields": {"count": 0}}, {"model": "help_bot.statisticweb", "pk": 106, "fields": {"count": 0}}, {"model": "help_bot.statisticweb", "pk": 107, "fields": {"count": 0}}, {"model": "help_bot.statisticweb", "pk": 108, "fields": {"count": 0}}, {"model": "help_bot.statisticweb", "pk": 109, "fields": {"count": 0}}, {"model": "help_bot.statisticweb", "pk": 110, "fields": {"count": 0}}, {"model": "help_bot.statisticweb", "pk": 111, "fields": {"count": 0}}, {"model": "help_bot.statisticweb", "pk": 112, "fields": {"count": 0}}, {"model": "help_bot.statisticweb", "pk": 113, "fields": {"count": 0}}, {"model": "help_bot.statisticweb", "pk": 114, "fields": {"count": 0}}, {"model": "help_bot.statisticweb", "pk": 115, "fields": {"count": 0}}, {"model": "help_bot.statisticweb", "pk": 116, "fields": {"count": 0}}, {"model": "help_bot.statisticweb", "pk": 117, "fields": {"count": 0}}, {"model": "help_bot.statisticweb", "pk": 118, "fields": {"count": 0}}, {"model": "help_bot.statisticweb", "pk": 119, "fields": {"count": 0}}, {"model": "help_bot.statisticweb", "pk": 120, "fields": {"count": 0}}, {"model": "help_bot.statisticweb", "pk": 121, "fields": {"count": 0}}, {"model": "help_bot.statisticweb", "pk": 122, "fields": {"count": 0}}, {"model": "help_bot.statisticweb", "pk": 123, "fields": {"count": 0}}, {"model": "help_bot.statisticweb", "pk": 124, "fields": {"count": 0}}, {"model": "help_bot.statisticweb", "pk": 125, "fields": {"count": 0}}, {"model": "help_bot.statisticweb", "pk": 126, "fields": {"count": 0}}, {"model": "help_bot.statisticweb", "pk": 127, "fields": {"count": 0}}, {"model": "help_bot.statisticweb", "pk": 128, "fields": {"count": 0}}, {"model": "help_bot.statisticweb", "pk": 129, "fields": {"count": 0}}, {"model": "help_bot.statisticweb", "pk": 130, "fields": {"count": 0}}, {"model": "help_bot.statisticweb", "pk": 131, "fields": {"count": 0}}, {"model": "help_bot.statisticweb", "pk": 132, "fields": {"count": 0}}, {"model": "help_bot.statisticweb", "pk": 133, "fields": {"count": 0}}, {"model": "help_bot.statisticweb", "pk": 134, "fields": {"count": 0}}, {"model": "help_bot.statisticweb", "pk": 135, "fields": {"count": 0}}, {"model": "help_bot.statisticweb", "pk": 136, "fields": {"count": 0}}, {"model": "help_bot.statisticweb", "pk": 137, "fields": {"count": 0}}, {"model": "help_bot.statisticweb", "pk": 138, "fields": {"count": 0}}, {"model": "help_bot.statisticweb", "pk": 139, "fields": {"count": 0}}, {"model": "help_bot.statisticweb", "pk": 140, "fields": {"count": 0}}, {"model": "help_bot.statisticweb", "pk": 141, "fields": {"count": 0}}, {"model": "help_bot.statisticweb", "pk": 142, "fields": {"count": 0}}, {"model": "help_bot.statisticweb", "pk": 143, "fields": {"count": 0}}, {"model": "help_bot.statisticweb", "pk": 144, "fields": {"count": 0}}, {"model": "help_bot.statisticweb", "pk": 145, "fields": {"count": 0}}, {"model": "help_bot.statisticweb", "pk": 146, "fields": {"count": 0}}, {"model": "help_bot.statisticweb", "pk": 147, "fields": {"count": 0}}, {"model": "help_bot.statisticweb", "pk": 148, "fields": {"count": 0}}, {"model": "help_bot.statisticweb", "pk": 149, "fields": {"count": 0}}, {"model": "help_bot.statisticweb", "pk": 150, "fields": {"count": 0}}, {"model": "help_bot.statisticweb", "pk": 151, "fields": {"count": 0}}, {"model": "help_bot.statisticweb", "pk": 152, "fields": {"count": 0}}, {"model": "help_bot.statisticweb", "pk": 153, "fields": {"count": 0}}, {"model": "help_bot.statisticweb", "pk": 154, "fields": {"count": 0}}, {"model": "help_bot.statisticweb", "pk": 155, "fields": {"count": 0}}, {"model": "help_bot.statisticweb", "pk": 156, "fields": {"count": 0}}, {"model": "help_bot.statisticweb", "pk": 157, "fields": {"count": 0}}, {"model": "help_bot.statisticweb", "pk": 158, "fields": {"count": 0}}, {"model": "help_bot.statisticweb", "pk": 159, "fields": {"count": 0}}, {"model": "help_bot.statisticweb", "pk": 160, "fields": {"count": 0}}, {"model": "help_bot.statisticweb", "pk": 161, "fields": {"count": 0}}, {"model": "help_bot.statisticweb", "pk": 162, "fields": {"count": 0}}, {"model": "help_bot.statisticweb", "pk": 163, "fields": {"count": 0}}, {"model": "help_bot.statisticweb", "pk": 164, "fields": {"count": 0}}, {"model": "help_bot.statisticweb", "pk": 165, "fields": {"count": 0}}, {"model": "help_bot.statisticweb", "pk": 166, "fields": {"count": 0}}, {"model": "help_bot.statisticweb", "pk": 167, "fields": {"count": 0}}, {"model": "help_bot.statisticweb", "pk": 168, "fields": {"count": 0}}, {"model": "help_bot.statisticweb", "pk": 169, "fields": {"count": 0}}, {"model": "help_bot.statisticweb", "pk": 170, "fields": {"count": 0}}, {"model": "help_bot.statisticweb", "pk": 171, "fields": {"count": 0}}, {"model": "help_bot.statisticweb", "pk": 172, "fields": {"count": 0}}, {"model": "help_bot.statisticweb", "pk": 173, "fields": {"count": 0}}, {"model": "help_bot.statisticweb", "pk": 174, "fields": {"count": 0}}, {"model": "help_bot.statisticweb", "pk": 175, "fields": {"count": 0}}, {"model": "help_bot.statisticweb", "pk": 176, "fields": {"count": 0}}, {"model": "help_bot.statisticweb", "pk": 177, "fields": {"count": 0}}, {"model": "help_bot.statisticweb", "pk": 178, "fields": {"count": 0}}, {"model": "help_bot.statisticweb", "pk": 179, "fields": {"count": 0}}, {"model": "help_bot.statisticweb", "pk": 180, "fields": {"count": 0}}, {"model": "help_bot.statisticweb", "pk": 181, "fields": {"count": 0}}, {"model": "help_bot.statisticweb", "pk": 182, "fields": {"count": 0}}, {"model": "help_bot.statisticweb", "pk": 183, "fields": {"count": 0}}, {"model": "help_bot.statisticweb", "pk": 184, "fields": {"count": 0}}, {"model": "help_bot.statisticweb", "pk": 185, "fields": {"count": 0}}, {"model": "help_bot.statisticweb", "pk": 186, "fields": {"count": 0}}, {"model": "help_bot.statisticweb", "pk": 187, "fields": {"count": 0}}, {"model": "help_bot.statisticweb", "pk": 188, "fields": {"count": 0}}, {"model": "help_bot.statisticweb", "pk": 189, "fields": {"count": 0}}, {"model": "help_bot.statisticweb", "pk": 190, "fields": {"count": 0}}, {"model": "help_bot.statisticweb", "pk": 191, "fields": {"count": 0}}, {"model": "help_bot.statisticweb", "pk": 192, "fields": {"count": 0}}, {"model": "help_bot.statisticweb", "pk": 193, "fields": {"count": 0}}, {"model": "help_bot.statisticweb", "pk": 194, "fields": {"count": 0}}, {"model": "help_bot.statisticweb", "pk": 195, "fields": {"count": 0}}, {"model": "help_bot.statisticweb", "pk": 196, "fields": {"count": 0}}, {"model": "help_bot.statisticweb", "pk": 197, "fields": {"count": 0}}, {"model": "help_bot.statisticweb", "pk": 198, "fields": {"count": 0}}, {"model": "help_bot.statisticweb", "pk": 199, "fields": {"count": 0}}, {"model": "help_bot.statisticweb", "pk": 200, "fields": {"count": 0}}, {"model": "help_bot.statisticweb", "pk": 201, "fields": {"count": 0}}, {"model": "help_bot.statisticweb", "pk": 202, "fields": {"count": 0}}, {"model": "help_bot.statisticweb", "pk": 203, "fields": {"count": 0}}, {"model": "help_bot.statisticweb", "pk": 204, "fields": {"count": 0}}, {"model": "help_bot.statisticweb", "pk": 205, "fields": {"count": 0}}, {"model": "help_bot.statisticweb", "pk": 206, "fields": {"count": 0}}, {"model": "help_bot.statisticweb", "pk": 207, "fields": {"count": 0}}, {"model": "help_bot.statisticweb", "pk": 208, "fields": {"count": 0}}, {"model": "help_bot.statisticweb", "pk": 209, "fields": {"count": 0}}, {"model": "help_bot.statisticweb", "pk": 210, "fields": {"count": 0}}, {"model": "help_bot.statisticweb", "pk": 211, "fields": {"count": 0}}, {"model": "help_bot.statisticweb", "pk": 212, "fields": {"count": 0}}, {"model": "help_bot.statisticweb", "pk": 213, "fields": {"count": 0}}, {"model": "help_bot.statisticweb", "pk": 214, "fields": {"count": 0}}, {"model": "help_bot.statisticweb", "pk": 215, "fields": {"count": 0}}, {"model": "help_bot.statisticweb", "pk": 216, "fields": {"count": 0}}, {"model": "help_bot.statisticweb", "pk": 217, "fields": {"count": 0}}, {"model": "help_bot.statisticweb", "pk": 218, "fields": {"count": 0}}, {"model": "help_bot.statisticweb", "pk": 219, "fields": {"count": 0}}, {"model": "help_bot.statisticweb", "pk": 220, "fields": {"count": 0}}, {"model": "help_bot.statisticweb", "pk": 221, "fields": {"count": 0}}, {"model": "help_bot.statisticweb", "pk": 222, "fields": {"count": 0}}, {"model": "help_bot.statisticweb", "pk": 223, "fields": {"count": 0}}, {"model": "help_bot.statisticweb", "pk": 224, "fields": {"count": 0}}, {"model": "help_bot.statisticweb", "pk": 225, "fields": {"count": 0}}, {"model": "help_bot.statisticweb", "pk": 226, "fields": {"count": 0}}, {"model": "help_bot.statisticweb", "pk": 227, "fields": {"count": 0}}, {"model": "help_bot.statisticweb", "pk": 228, "fields": {"count": 0}}, {"model": "help_bot.statisticweb", "pk": 229, "fields": {"count": 0}}, {"model": "help_bot.statisticweb", "pk": 230, "fields": {"count": 0}}, {"model": "help_bot.statisticweb", "pk": 231, "fields": {"count": 0}}, {"model": "help_bot.statisticweb", "pk": 232, "fields": {"count": 0}}, {"model": "help_bot.statisticweb", "pk": 233, "fields": {"count": 0}}, {"model": "help_bot.statisticweb", "pk": 234, "fields": {"count": 0}}, {"model": "help_bot.statisticweb", "pk": 235, "fields": {"count": 0}}, {"model": "help_bot.statisticweb", "pk": 236, "fields": {"count": 0}}, {"model": "help_bot.statisticweb", "pk": 237, "fields": {"count": 0}}, {"model": "help_bot.statisticweb", "pk": 238, "fields": {"count": 0}}, {"model": "help_bot.statisticweb", "pk": 239, "fields": {"count": 0}}, {"model": "help_bot.statisticweb", "pk": 240, "fields": {"count": 0}}, {"model": "help_bot.statisticweb", "pk": 241, "fields": {"count": 0}}, {"model": "help_bot.statisticweb", "pk": 242, "fields": {"count": 0}}, {"model": "help_bot.statisticweb", "pk": 243, "fields": {"count": 0}}, {"model": "help_bot.statisticweb", "pk": 244, "fields": {"count": 0}}, {"model": "help_bot.statisticweb", "pk": 245, "fields": {"count": 0}}, {"model": "help_bot.statisticweb", "pk": 246, "fields": {"count": 0}}, {"model": "help_bot.statisticweb", "pk": 247, "fields": {"count": 0}}, {"model": "help_bot.statisticweb", "pk": 248, "fields": {"count": 0}}, {"model": "help_bot.statisticweb", "pk": 249, "fields": {"count": 0}}, {"model": "help_bot.statisticweb", "pk": 250, "fields": {"count": 0}}, {"model": "help_bot.statisticweb", "pk": 251, "fields": {"count": 0}}, {"model": "help_bot.statisticweb", "pk": 252, "fields": {"count": 0}}, {"model": "help_bot.statisticweb", "pk": 253, "fields": {"count": 0}}, {"model": "help_bot.statisticweb", "pk": 254, "fields": {"count": 0}}, {"model": "help_bot.statisticweb", "pk": 255, "fields": {"count": 0}}, {"model": "help_bot.statisticweb", "pk": 256, "fields": {"count": 0}}, {"model": "help_bot.statisticweb", "pk": 257, "fields": {"count": 0}}, {"model": "help_bot.statisticweb", "pk": 258, "fields": {"count": 0}}, {"model": "help_bot.statisticweb", "pk": 259, "fields": {"count": 0}}, {"model": "help_bot.statisticweb", "pk": 260, "fields": {"count": 0}}, {"model": "help_bot.statisticweb", "pk": 261, "fields": {"count": 0}}, {"model": "help_bot.statisticweb", "pk": 262, "fields": {"count": 0}}, {"model": "help_bot.statisticweb", "pk": 263, "fields": {"count": 0}}, {"model": "help_bot.statisticweb", "pk": 264, "fields": {"count": 0}}, {"model": "help_bot.statisticweb", "pk": 265, "fields": {"count": 0}}, {"model": "help_bot.statisticweb", "pk": 266, "fields": {"count": 0}}, {"model": "help_bot.statisticweb", "pk": 267, "fields": {"count": 0}}, {"model": "help_bot.statisticweb", "pk": 268, "fields": {"count": 0}}, {"model": "help_bot.statisticweb", "pk": 269, "fields": {"count": 0}}, {"model": "help_bot.statisticweb", "pk": 270, "fields": {"count": 0}}, {"model": "help_bot.statisticweb", "pk": 271, "fields": {"count": 0}}, {"model": "help_bot.statisticweb", "pk": 272, "fields": {"count": 0}}, {"model": "help_bot.statisticweb", "pk": 273, "fields": {"count": 0}}, {"model": "help_bot.statisticweb", "pk": 274, "fields": {"count": 0}}, {"model": "help_bot.statisticweb", "pk": 275, "fields": {"count": 0}}, {"model": "help_bot.statisticweb", "pk": 276, "fields": {"count": 0}}, {"model": "help_bot.statisticweb", "pk": 277, "fields": {"count": 0}}, {"model": "help_bot.statisticweb", "pk": 278, "fields": {"count": 0}}, {"model": "help_bot.statisticweb", "pk": 279, "fields": {"count": 0}}, {"model": "help_bot.statisticweb", "pk": 280, "fields": {"count": 0}}, {"model": "help_bot.statisticweb", "pk": 281, "fields": {"count": 0}}, {"model": "help_bot.statisticweb", "pk": 282, "fields": {"count": 0}}, {"model": "help_bot.statisticweb", "pk": 283, "fields": {"count": 0}}, {"model": "help_bot.statisticweb", "pk": 284, "fields": {"count": 0}}, {"model": "help_bot.statisticweb", "pk": 285, "fields": {"count": 0}}, {"model": "help_bot.statisticweb", "pk": 286, "fields": {"count": 0}}, {"model": "help_bot.statisticweb", "pk": 287, "fields": {"count": 0}}, {"model": "help_bot.statisticweb", "pk": 288, "fields": {"count": 0}}, {"model": "help_bot.statisticweb", "pk": 289, "fields": {"count": 0}}, {"model": "help_bot.statisticweb", "pk": 290, "fields": {"count": 0}}, {"model": "help_bot.statisticweb", "pk": 291, "fields": {"count": 0}}, {"model": "help_bot.statisticweb", "pk": 292, "fields": {"count": 0}}, {"model": "help_bot.statisticweb", "pk": 293, "fields": {"count": 0}}, {"model": "help_bot.statisticweb", "pk": 294, "fields": {"count": 0}}, {"model": "help_bot.statisticweb", "pk": 295, "fields": {"count": 0}}, {"model": "help_bot.statisticweb", "pk": 296, "fields": {"count": 0}}, {"model": "help_bot.statisticweb", "pk": 297, "fields": {"count": 0}}, {"model": "help_bot.statisticweb", "pk": 298, "fields": {"count": 0}}, {"model": "help_bot.statisticweb", "pk": 299, "fields": {"count": 0}}, {"model": "help_bot.statisticweb", "pk": 300, "fields": {"count": 0}}, {"model": "help_bot.statisticweb", "pk": 301, "fields": {"count": 0}}, {"model": "help_bot.statisticweb", "pk": 302, "fields": {"count": 0}}, {"model": "help_bot.statisticweb", "pk": 303, "fields": {"count": 0}}, {"model": "help_bot.statisticweb", "pk": 304, "fields": {"count": 0}}, {"model": "help_bot.statisticweb", "pk": 305, "fields": {"count": 0}}, {"model": "help_bot.statisticweb", "pk": 306, "fields": {"count": 0}}, {"model": "help_bot.statisticweb", "pk": 307, "fields": {"count": 0}}, {"model": "help_bot.statisticweb", "pk": 308, "fields": {"count": 0}}, {"model": "help_bot.statisticweb", "pk": 309, "fields": {"count": 0}}, {"model": "help_bot.statisticweb", "pk": 310, "fields": {"count": 0}}, {"model": "help_bot.statisticweb", "pk": 311, "fields": {"count": 0}}, {"model": "help_bot.statisticweb", "pk": 312, "fields": {"count": 0}}, {"model": "help_bot.statisticweb", "pk": 313, "fields": {"count": 0}}, {"model": "help_bot.statisticweb", "pk": 314, "fields": {"count": 0}}, {"model": "help_bot.statisticweb", "pk": 315, "fields": {"count": 0}}, {"model": "help_bot.statisticweb", "pk": 316, "fields": {"count": 0}}, {"model": "help_bot.statisticweb", "pk": 317, "fields": {"count": 0}}, {"model": "help_bot.statisticweb", "pk": 318, "fields": {"count": 0}}, {"model": "help_bot.statisticweb", "pk": 319, "fields": {"count": 0}}, {"model": "help_bot.statisticweb", "pk": 320, "fields": {"count": 0}}, {"model": "help_bot.statisticweb", "pk": 321, "fields": {"count": 0}}, {"model": "help_bot.statisticweb", "pk": 322, "fields": {"count": 0}}, {"model": "help_bot.statisticweb", "pk": 323, "fields": {"count": 0}}, {"model": "help_bot.statisticweb", "pk": 324, "fields": {"count": 0}}, {"model": "help_bot.statistictelegram", "pk": 1, "fields": {"count": 0}}, {"model": "help_bot.statistictelegram", "pk": 2, "fields": {"count": 0}}, {"model": "help_bot.statistictelegram", "pk": 3, "fields": {"count": 0}}, {"model": "help_bot.statistictelegram", "pk": 4, "fields": {"count": 0}}, {"model": "help_bot.statistictelegram", "pk": 5, "fields": {"count": 0}}, {"model": "help_bot.statistictelegram", "pk": 6, "fields": {"count": 0}}, {"model": "help_bot.statistictelegram", "pk": 7, "fields": {"count": 0}}, {"model": "help_bot.statistictelegram", "pk": 8, "fields": {"count": 0}}, {"model": "help_bot.statistictelegram", "pk": 9, "fields": {"count": 0}}, {"model": "help_bot.statistictelegram", "pk": 11, "fields": {"count": 0}}, {"model": "help_bot.statistictelegram", "pk": 12, "fields": {"count": 0}}, {"model": "help_bot.statistictelegram", "pk": 13, "fields": {"count": 0}}, {"model": "help_bot.statistictelegram", "pk": 14, "fields": {"count": 0}}, {"model": "help_bot.statistictelegram", "pk": 15, "fields": {"count": 0}}, {"model": "help_bot.statistictelegram", "pk": 17, "fields": {"count": 0}}, {"model": "help_bot.statistictelegram", "pk": 20, "fields": {"count": 0}}, {"model": "help_bot.statistictelegram", "pk": 21, "fields": {"count": 0}}, {"model": "help_bot.statistictelegram", "pk": 25, "fields": {"count": 0}}, {"model": "help_bot.statistictelegram", "pk": 30, "fields": {"count": 0}}, {"model": "help_bot.statistictelegram", "pk": 31, "fields": {"count": 0}}, {"model": "help_bot.statistictelegram", "pk": 32, "fields": {"count": 0}}, {"model": "help_bot.statistictelegram", "pk": 33, "fields": {"count": 0}}, {"model": "help_bot.statistictelegram", "pk": 34, "fields": {"count": 0}}, {"model": "help_bot.statistictelegram", "pk": 35, "fields": {"count": 0}}, {"model": "help_bot.statistictelegram", "pk": 36, "fields": {"count": 0}}, {"model": "help_bot.statistictelegram", "pk": 37, "fields": {"count": 0}}, {"model": "help_bot.statistictelegram", "pk": 38, "fields": {"count": 0}}, {"model": "help_bot.statistictelegram", "pk": 39, "fields": {"count": 0}}, {"model": "help_bot.statistictelegram", "pk": 43, "fields": {"count": 0}}, {"model": "help_bot.statistictelegram", "pk": 44, "fields": {"count": 0}}, {"model": "help_bot.statistictelegram", "pk": 45, "fields": {"count": 0}}, {"model": "help_bot.statistictelegram", "pk": 46, "fields": {"count": 0}}, {"model": "help_bot.statistictelegram", "pk": 47, "fields": {"count": 0}}, {"model": "help_bot.statistictelegram", "pk": 48, "fields": {"count": 0}}, {"model": "help_bot.statistictelegram", "pk": 49, "fields": {"count": 0}}, {"model": "help_bot.statistictelegram", "pk": 50, "fields": {"count": 0}}, {"model": "help_bot.statistictelegram", "pk": 51, "fields": {"count": 0}}, {"model": "help_bot.statistictelegram", "pk": 52, "fields": {"count": 0}}, {"model": "help_bot.statistictelegram", "pk": 53, "fields": {"count": 0}}, {"model": "help_bot.statistictelegram", "pk": 54, "fields": {"count": 0}}, {"model": "help_bot.statistictelegram", "pk": 55, "fields": {"count": 0}}, {"model": "help_bot.statistictelegram", "pk": 56, "fields": {"count": 0}}, {"model": "help_bot.statistictelegram", "pk": 57, "fields": {"count": 0}}, {"model": "help_bot.statistictelegram", "pk": 58, "fields": {"count": 0}}, {"model": "help_bot.statistictelegram", "pk": 59, "fields": {"count": 0}}, {"model": "help_bot.statistictelegram", "pk": 60, "fields": {"count": 0}}, {"model": "help_bot.statistictelegram", "pk": 61, "fields": {"count": 0}}, {"model": "help_bot.statistictelegram", "pk": 62, "fields": {"count": 0}}, {"model": "help_bot.statistictelegram", "pk": 63, "fields": {"count": 0}}, {"model": "help_bot.statistictelegram", "pk": 64, "fields": {"count": 0}}, {"model": "help_bot.statistictelegram", "pk": 65, "fields": {"count": 0}}, {"model": "help_bot.statistictelegram", "pk": 66, "fields": {"count": 0}}, {"model": "help_bot.statistictelegram", "pk": 67, "fields": {"count": 0}}, {"model": "help_bot.statistictelegram", "pk": 68, "fields": {"count": 0}}, {"model": "help_bot.statistictelegram", "pk": 69, "fields": {"count": 0}}, {"model": "help_bot.statistictelegram", "pk": 70, "fields": {"count": 0}}, {"model": "help_bot.statistictelegram", "pk": 71, "fields": {"count": 0}}, {"model": "help_bot.statistictelegram", "pk": 72, "fields": {"count": 0}}, {"model": "help_bot.statistictelegram", "pk": 73, "fields": {"count": 0}}, {"model": "help_bot.statistictelegram", "pk": 74, "fields": {"count": 0}}, {"model": "help_bot.statistictelegram", "pk": 75, "fields": {"count": 0}}, {"model": "help_bot.statistictelegram", "pk": 76, "fields": {"count": 0}}, {"model": "help_bot.statistictelegram", "pk": 77, "fields": {"count": 0}}, {"model": "help_bot.statistictelegram", "pk": 78, "fields": {"count": 0}}, {"model": "help_bot.statistictelegram", "pk": 79, "fields": {"count": 0}}, {"model": "help_bot.statistictelegram", "pk": 80, "fields": {"count": 0}}, {"model": "help_bot.statistictelegram", "pk": 81, "fields": {"count": 0}}, {"model": "help_bot.statistictelegram", "pk": 82, "fields": {"count": 0}}, {"model": "help_bot.statistictelegram", "pk": 83, "fields": {"count": 0}}, {"model": "help_bot.statistictelegram", "pk": 84, "fields": {"count": 0}}, {"model": "help_bot.statistictelegram", "pk": 85, "fields": {"count": 0}}, {"model": "help_bot.statistictelegram", "pk": 86, "fields": {"count": 0}}, {"model": "help_bot.statistictelegram", "pk": 87, "fields": {"count": 0}}, {"model": "help_bot.statistictelegram", "pk": 88, "fields": {"count": 0}}, {"model": "help_bot.statistictelegram", "pk": 89, "fields": {"count": 0}}, {"model": "help_bot.statistictelegram", "pk": 90, "fields": {"count": 0}}, {"model": "help_bot.statistictelegram", "pk": 91, "fields": {"count": 0}}, {"model": "help_bot.statistictelegram", "pk": 92, "fields": {"count": 0}}, {"model": "help_bot.statistictelegram", "pk": 93, "fields": {"count": 0}}, {"model": "help_bot.statistictelegram", "pk": 94, "fields": {"count": 0}}, {"model": "help_bot.statistictelegram", "pk": 95, "fields": {"count": 0}}, {"model": "help_bot.statistictelegram", "pk": 96, "fields": {"count": 0}}, {"model": "help_bot.statistictelegram", "pk": 97, "fields": {"count": 0}}, {"model": "help_bot.statistictelegram", "pk": 98, "fields": {"count": 0}}, {"model": "help_bot.statistictelegram", "pk": 99, "fields": {"count": 0}}, {"model": "help_bot.statistictelegram", "pk": 100, "fields": {"count": 0}}, {"model": "help_bot.statistictelegram", "pk": 101, "fields": {"count": 0}}, {"model": "help_bot.statistictelegram", "pk": 102, "fields": {"count": 0}}, {"model": "help_bot.statistictelegram", "pk": 103, "fields": {"count": 0}}, {"model": "help_bot.statistictelegram", "pk": 104, "fields": {"count": 0}}, {"model": "help_bot.statistictelegram", "pk": 105, "fields": {"count": 0}}, {"model": "help_bot.statistictelegram", "pk": 106, "fields": {"count": 0}}, {"model": "help_bot.statistictelegram", "pk": 107, "fields": {"count": 0}}, {"model": "help_bot.statistictelegram", "pk": 108, "fields": {"count": 0}}, {"model": "help_bot.statistictelegram", "pk": 109, "fields": {"count": 0}}, {"model": "help_bot.statistictelegram", "pk": 110, "fields": {"count": 0}}, {"model": "help_bot.statistictelegram", "pk": 111, "fields": {"count": 0}}, {"model": "help_bot.statistictelegram", "pk": 112, "fields": {"count": 0}}, {"model": "help_bot.statistictelegram", "pk": 113, "fields": {"count": 0}}, {"model": "help_bot.statistictelegram", "pk": 114, "fields": {"count": 0}}, {"model": "help_bot.statistictelegram", "pk": 115, "fields": {"count": 0}}, {"model": "help_bot.statistictelegram", "pk": 116, "fields": {"count": 0}}, {"model": "help_bot.statistictelegram", "pk": 117, "fields": {"count": 0}}, {"model": "help_bot.statistictelegram", "pk": 118, "fields": {"count": 0}}, {"model": "help_bot.statistictelegram", "pk": 119, "fields": {"count": 0}}, {"model": "help_bot.statistictelegram", "pk": 120, "fields": {"count": 0}}, {"model": "help_bot.statistictelegram", "pk": 121, "fields": {"count": 0}}, {"model": "help_bot.statistictelegram", "pk": 122, "fields": {"count": 0}}, {"model": "help_bot.statistictelegram", "pk": 123, "fields": {"count": 0}}, {"model": "help_bot.statistictelegram", "pk": 124, "fields": {"count": 0}}, {"model": "help_bot.statistictelegram", "pk": 125, "fields": {"count": 0}}, {"model": "help_bot.statistictelegram", "pk": 126, "fields": {"count": 0}}, {"model": "help_bot.statistictelegram", "pk": 127, "fields": {"count": 0}}, {"model": "help_bot.statistictelegram", "pk": 128, "fields": {"count": 0}}, {"model": "help_bot.statistictelegram", "pk": 129, "fields": {"count": 0}}, {"model": "help_bot.statistictelegram", "pk": 130, "fields": {"count": 0}}, {"model": "help_bot.statistictelegram", "pk": 131, "fields": {"count": 0}}, {"model": "help_bot.statistictelegram", "pk": 132, "fields": {"count": 0}}, {"model": "help_bot.statistictelegram", "pk": 133, "fields": {"count": 0}}, {"model": "help_bot.statistictelegram", "pk": 134, "fields": {"count": 0}}, {"model": "help_bot.statistictelegram", "pk": 135, "fields": {"count": 0}}, {"model": "help_bot.statistictelegram", "pk": 136, "fields": {"count": 0}}, {"model": "help_bot.statistictelegram", "pk": 137, "fields": {"count": 0}}, {"model": "help_bot.statistictelegram", "pk": 138, "fields": {"count": 0}}, {"model": "help_bot.statistictelegram", "pk": 139, "fields": {"count": 0}}, {"model": "help_bot.statistictelegram", "pk": 140, "fields": {"count": 0}}, {"model": "help_bot.statistictelegram", "pk": 141, "fields": {"count": 0}}, {"model": "help_bot.statistictelegram", "pk": 142, "fields": {"count": 0}}, {"model": "help_bot.statistictelegram", "pk": 143, "fields": {"count": 0}}, {"model": "help_bot.statistictelegram", "pk": 144, "fields": {"count": 0}}, {"model": "help_bot.statistictelegram", "pk": 145, "fields": {"count": 0}}, {"model": "help_bot.statistictelegram", "pk": 146, "fields": {"count": 0}}, {"model": "help_bot.statistictelegram", "pk": 147, "fields": {"count": 0}}, {"model": "help_bot.statistictelegram", "pk": 148, "fields": {"count": 0}}, {"model": "help_bot.statistictelegram", "pk": 149, "fields": {"count": 0}}, {"model": "help_bot.statistictelegram", "pk": 150, "fields": {"count": 0}}, {"model": "help_bot.statistictelegram", "pk": 151, "fields": {"count": 0}}, {"model": "help_bot.statistictelegram", "pk": 152, "fields": {"count": 0}}, {"model": "help_bot.statistictelegram", "pk": 153, "fields": {"count": 0}}, {"model": "help_bot.statistictelegram", "pk": 154, "fields": {"count": 0}}, {"model": "help_bot.statistictelegram", "pk": 155, "fields": {"count": 0}}, {"model": "help_bot.statistictelegram", "pk": 156, "fields": {"count": 0}}, {"model": "help_bot.statistictelegram", "pk": 157, "fields": {"count": 0}}, {"model": "help_bot.statistictelegram", "pk": 158, "fields": {"count": 0}}, {"model": "help_bot.statistictelegram", "pk": 159, "fields": {"count": 0}}, {"model": "help_bot.statistictelegram", "pk": 160, "fields": {"count": 0}}, {"model": "help_bot.statistictelegram", "pk": 161, "fields": {"count": 0}}, {"model": "help_bot.statistictelegram", "pk": 162, "fields": {"count": 0}}, {"model": "help_bot.statistictelegram", "pk": 163, "fields": {"count": 0}}, {"model": "help_bot.statistictelegram", "pk": 164, "fields": {"count": 0}}, {"model": "help_bot.statistictelegram", "pk": 165, "fields": {"count": 0}}, {"model": "help_bot.statistictelegram", "pk": 166, "fields": {"count": 0}}, {"model": "help_bot.statistictelegram", "pk": 167, "fields": {"count": 0}}, {"model": "help_bot.statistictelegram", "pk": 168, "fields": {"count": 0}}, {"model": "help_bot.statistictelegram", "pk": 169, "fields": {"count": 0}}, {"model": "help_bot.statistictelegram", "pk": 170, "fields": {"count": 0}}, {"model": "help_bot.statistictelegram", "pk": 171, "fields": {"count": 0}}, {"model": "help_bot.statistictelegram", "pk": 172, "fields": {"count": 0}}, {"model": "help_bot.statistictelegram", "pk": 173, "fields": {"count": 0}}, {"model": "help_bot.statistictelegram", "pk": 174, "fields": {"count": 0}}, {"model": "help_bot.statistictelegram", "pk": 175, "fields": {"count": 0}}, {"model": "help_bot.statistictelegram", "pk": 176, "fields": {"count": 0}}, {"model": "help_bot.statistictelegram", "pk": 177, "fields": {"count": 0}}, {"model": "help_bot.statistictelegram", "pk": 178, "fields": {"count": 0}}, {"model": "help_bot.statistictelegram", "pk": 179, "fields": {"count": 0}}, {"model": "help_bot.statistictelegram", "pk": 180, "fields": {"count": 0}}, {"model": "help_bot.statistictelegram", "pk": 181, "fields": {"count": 0}}, {"model": "help_bot.statistictelegram", "pk": 182, "fields": {"count": 0}}, {"model": "help_bot.statistictelegram", "pk": 183, "fields": {"count": 0}}, {"model": "help_bot.statistictelegram", "pk": 184, "fields": {"count": 0}}, {"model": "help_bot.statistictelegram", "pk": 185, "fields": {"count": 0}}, {"model": "help_bot.statistictelegram", "pk": 186, "fields": {"count": 0}}, {"model": "help_bot.statistictelegram", "pk": 187, "fields": {"count": 0}}, {"model": "help_bot.statistictelegram", "pk": 188, "fields": {"count": 0}}, {"model": "help_bot.statistictelegram", "pk": 189, "fields": {"count": 0}}, {"model": "help_bot.statistictelegram", "pk": 190, "fields": {"count": 0}}, {"model": "help_bot.statistictelegram", "pk": 191, "fields": {"count": 0}}, {"model": "help_bot.statistictelegram", "pk": 192, "fields": {"count": 0}}, {"model": "help_bot.statistictelegram", "pk": 193, "fields": {"count": 0}}, {"model": "help_bot.statistictelegram", "pk": 194, "fields": {"count": 0}}, {"model": "help_bot.statistictelegram", "pk": 195, "fields": {"count": 0}}, {"model": "help_bot.statistictelegram", "pk": 196, "fields": {"count": 0}}, {"model": "help_bot.statistictelegram", "pk": 197, "fields": {"count": 0}}, {"model": "help_bot.statistictelegram", "pk": 198, "fields": {"count": 0}}, {"model": "help_bot.statistictelegram", "pk": 199, "fields": {"count": 0}}, {"model": "help_bot.statistictelegram", "pk": 200, "fields": {"count": 0}}, {"model": "help_bot.statistictelegram", "pk": 201, "fields": {"count": 0}}, {"model": "help_bot.statistictelegram", "pk": 202, "fields": {"count": 0}}, {"model": "help_bot.statistictelegram", "pk": 203, "fields": {"count": 0}}, {"model": "help_bot.statistictelegram", "pk": 204, "fields": {"count": 0}}, {"model": "help_bot.statistictelegram", "pk": 205, "fields": {"count": 0}}, {"model": "help_bot.statistictelegram", "pk": 206, "fields": {"count": 0}}, {"model": "help_bot.statistictelegram", "pk": 207, "fields": {"count": 0}}, {"model": "help_bot.statistictelegram", "pk": 208, "fields": {"count": 0}}, {"model": "help_bot.statistictelegram", "pk": 209, "fields": {"count": 0}}, {"model": "help_bot.statistictelegram", "pk": 210, "fields": {"count": 0}}, {"model": "help_bot.statistictelegram", "pk": 211, "fields": {"count": 0}}, {"model": "help_bot.statistictelegram", "pk": 212, "fields": {"count": 0}}, {"model": "help_bot.statistictelegram", "pk": 213, "fields": {"count": 0}}, {"model": "help_bot.statistictelegram", "pk": 214, "fields": {"count": 0}}, {"model": "help_bot.statistictelegram", "pk": 215, "fields": {"count": 0}}, {"model": "help_bot.statistictelegram", "pk": 216, "fields": {"count": 0}}, {"model": "help_bot.statistictelegram", "pk": 217, "fields": {"count": 0}}, {"model": "help_bot.statistictelegram", "pk": 218, "fields": {"count": 0}}, {"model": "help_bot.statistictelegram", "pk": 219, "fields": {"count": 0}}, {"model": "help_bot.statistictelegram", "pk": 220, "fields": {"count": 0}}, {"model": "help_bot.statistictelegram", "pk": 221, "fields": {"count": 0}}, {"model": "help_bot.statistictelegram", "pk": 222, "fields": {"count": 0}}, {"model": "help_bot.statistictelegram", "pk": 223, "fields": {"count": 0}}, {"model": "help_bot.statistictelegram", "pk": 224, "fields": {"count": 0}}, {"model": "help_bot.statistictelegram", "pk": 225, "fields": {"count": 0}}, {"model": "help_bot.statistictelegram", "pk": 226, "fields": {"count": 0}}, {"model": "help_bot.statistictelegram", "pk": 227, "fields": {"count": 0}}, {"model": "help_bot.statistictelegram", "pk": 228, "fields": {"count": 0}}, {"model": "help_bot.statistictelegram", "pk": 229, "fields": {"count": 0}}, {"model": "help_bot.statistictelegram", "pk": 230, "fields": {"count": 0}}, {"model": "help_bot.statistictelegram", "pk": 231, "fields": {"count": 0}}, {"model": "help_bot.statistictelegram", "pk": 232, "fields": {"count": 0}}, {"model": "help_bot.statistictelegram", "pk": 233, "fields": {"count": 0}}, {"model": "help_bot.statistictelegram", "pk": 234, "fields": {"count": 0}}, {"model": "help_bot.statistictelegram", "pk": 235, "fields": {"count": 0}}, {"model": "help_bot.statistictelegram", "pk": 236, "fields": {"count": 0}}, {"model": "help_bot.statistictelegram", "pk": 237, "fields": {"count": 0}}, {"model": "help_bot.statistictelegram", "pk": 238, "fields": {"count": 0}}, {"model": "help_bot.statistictelegram", "pk": 239, "fields": {"count": 0}}, {"model": "help_bot.statistictelegram", "pk": 240, "fields": {"count": 0}}, {"model": "help_bot.statistictelegram", "pk": 241, "fields": {"count": 0}}, {"model": "help_bot.statistictelegram", "pk": 242, "fields": {"count": 0}}, {"model": "help_bot.statistictelegram", "pk": 243, "fields": {"count": 0}}, {"model": "help_bot.statistictelegram", "pk": 244, "fields": {"count": 0}}, {"model": "help_bot.statistictelegram", "pk": 245, "fields": {"count": 0}}, {"model": "help_bot.statistictelegram", "pk": 246, "fields": {"count": 0}}, {"model": "help_bot.statistictelegram", "pk": 247, "fields": {"count": 0}}, {"model": "help_bot.statistictelegram", "pk": 248, "fields": {"count": 0}}, {"model": "help_bot.statistictelegram", "pk": 249, "fields": {"count": 0}}, {"model": "help_bot.statistictelegram", "pk": 250, "fields": {"count": 0}}, {"model": "help_bot.statistictelegram", "pk": 251, "fields": {"count": 0}}, {"model": "help_bot.statistictelegram", "pk": 252, "fields": {"count": 0}}, {"model": "help_bot.statistictelegram", "pk": 253, "fields": {"count": 0}}, {"model": "help_bot.statistictelegram", "pk": 254, "fields": {"count": 0}}, {"model": "help_bot.statistictelegram", "pk": 255, "fields": {"count": 0}}, {"model": "help_bot.statistictelegram", "pk": 256, "fields": {"count": 0}}, {"model": "help_bot.statistictelegram", "pk": 257, "fields": {"count": 0}}, {"model": "help_bot.statistictelegram", "pk": 258, "fields": {"count": 0}}, {"model": "help_bot.statistictelegram", "pk": 259, "fields": {"count": 0}}, {"model": "help_bot.statistictelegram", "pk": 260, "fields": {"count": 0}}, {"model": "help_bot.statistictelegram", "pk": 261, "fields": {"count": 0}}, {"model": "help_bot.statistictelegram", "pk": 262, "fields": {"count": 0}}, {"model": "help_bot.statistictelegram", "pk": 263, "fields": {"count": 0}}, {"model": "help_bot.statistictelegram", "pk": 264, "fields": {"count": 0}}, {"model": "help_bot.statistictelegram", "pk": 265, "fields": {"count": 0}}, {"model": "help_bot.statistictelegram", "pk": 266, "fields": {"count": 0}}, {"model": "help_bot.statistictelegram", "pk": 267, "fields": {"count": 0}}, {"model": "help_bot.statistictelegram", "pk": 268, "fields": {"count": 0}}, {"model": "help_bot.statistictelegram", "pk": 269, "fields": {"count": 0}}, {"model": "help_bot.statistictelegram", "pk": 270, "fields": {"count": 0}}, {"model": "help_bot.statistictelegram", "pk": 271, "fields": {"count": 0}}, {"model": "help_bot.statistictelegram", "pk": 272, "fields": {"count": 0}}, {"model": "help_bot.statistictelegram", "pk": 273, "fields": {"count": 0}}, {"model": "help_bot.statistictelegram", "pk": 274, "fields": {"count": 0}}, {"model": "help_bot.statistictelegram", "pk": 275, "fields": {"count": 0}}, {"model": "help_bot.statistictelegram", "pk": 276, "fields": {"count": 0}}, {"model": "help_bot.statistictelegram", "pk": 277, "fields": {"count": 0}}, {"model": "help_bot.statistictelegram", "pk": 278, "fields": {"count": 0}}, {"model": "help_bot.statistictelegram", "pk": 279, "fields": {"count": 0}}, {"model": "help_bot.statistictelegram", "pk": 280, "fields": {"count": 0}}, {"model": "help_bot.statistictelegram", "pk": 281, "fields": {"count": 0}}, {"model": "help_bot.statistictelegram", "pk": 282, "fields": {"count": 0}}, {"model": "help_bot.statistictelegram", "pk": 283, "fields": {"count": 0}}, {"model": "help_bot.statistictelegram", "pk": 284, "fields": {"count": 0}}, {"model": "help_bot.statistictelegram", "pk": 285, "fields": {"count": 0}}, {"model": "help_bot.statistictelegram", "pk": 286, "fields": {"count": 0}}, {"model": "help_bot.statistictelegram", "pk": 287, "fields": {"count": 0}}, {"model": "help_bot.statistictelegram", "pk": 288, "fields": {"count": 0}}, {"model": "help_bot.statistictelegram", "pk": 289, "fields": {"count": 0}}, {"model": "help_bot.statistictelegram", "pk": 290, "fields": {"count": 0}}, {"model": "help_bot.statistictelegram", "pk": 291, "fields": {"count": 0}}, {"model": "help_bot.statistictelegram", "pk": 292, "fields": {"count": 0}}, {"model": "help_bot.statistictelegram", "pk": 293, "fields": {"count": 0}}, {"model": "help_bot.statistictelegram", "pk": 294, "fields": {"count": 0}}, {"model": "help_bot.statistictelegram", "pk": 295, "fields": {"count": 0}}, {"model": "help_bot.statistictelegram", "pk": 296, "fields": {"count": 0}}, {"model": "help_bot.statistictelegram", "pk": 297, "fields": {"count": 0}}, {"model": "help_bot.statistictelegram", "pk": 298, "fields": {"count": 0}}, {"model": "help_bot.statistictelegram", "pk": 299, "fields": {"count": 0}}, {"model": "help_bot.statistictelegram", "pk": 300, "fields": {"count": 0}}, {"model": "help_bot.statistictelegram", "pk": 301, "fields": {"count": 0}}, {"model": "help_bot.statistictelegram", "pk": 302, "fields": {"count": 0}}, {"model": "help_bot.statistictelegram", "pk": 303, "fields": {"count": 0}}, {"model": "help_bot.statistictelegram", "pk": 304, "fields": {"count": 0}}, {"model": "help_bot.statistictelegram", "pk": 305, "fields": {"count": 0}}, {"model": "help_bot.statistictelegram", "pk": 306, "fields": {"count": 0}}, {"model": "help_bot.statistictelegram", "pk": 307, "fields": {"count": 0}}, {"model": "help_bot.statistictelegram", "pk": 308, "fields": {"count": 0}}, {"model": "help_bot.statistictelegram", "pk": 309, "fields": {"count": 0}}, {"model": "help_bot.statistictelegram", "pk": 310, "fields": {"count": 0}}, {"model": "help_bot.statistictelegram", "pk": 311, "fields": {"count": 0}}, {"model": "help_bot.statistictelegram", "pk": 312, "fields": {"count": 0}}, {"model": "help_bot.statistictelegram", "pk": 313, "fields": {"count": 0}}, {"model": "help_bot.statistictelegram", "pk": 314, "fields": {"count": 0}}, {"model": "help_bot.statistictelegram", "pk": 315, "fields": {"count": 0}}, {"model": "help_bot.statistictelegram", "pk": 316, "fields": {"count": 0}}, {"model": "help_bot.statistictelegram", "pk": 317, "fields": {"count": 0}}, {"model": "help_bot.statistictelegram", "pk": 318, "fields": {"count": 0}}, {"model": "help_bot.statistictelegram", "pk": 319, "fields": {"count": 0}}, {"model": "help_bot.statistictelegram", "pk": 320, "fields": {"count": 0}}, {"model": "help_bot.statistictelegram", "pk": 321, "fields": {"count": 0}}, {"model": "help_bot.statistictelegram", "pk": 322, "fields": {"count": 0}}, {"model": "help_bot.statistictelegram", "pk": 323, "fields": {"count": 0}}, {"model": "help_bot.statistictelegram", "pk": 324, "fields": {"count": 0}}, {"model": "help_bot.statisticattendance", "pk": 1, "fields": {"date_point": "2020-10-28", "web_chat_count": 0, "telegram_chat_count": 0, "site_open": 24}}, {"model": "help_bot.statisticattendance", "pk": 2, "fields": {"date_point": "2020-06-14", "web_chat_count": 4, "telegram_chat_count": 0, "site_open": 18}}, {"model": "help_bot.statisticattendance", "pk": 3, "fields": {"date_point": "2020-07-05", "web_chat_count": 2, "telegram_chat_count": 0, "site_open": 81}}, {"model": "help_bot.chatbotiframe", "pk": 1, "fields": {"iframe_code_name": "\u043a\u043e\u0434 \u0432\u0435\u0431-\u0447\u0430\u0442\u0430", "iframe_code": "<!-- HELP BOT CHAT -->\r\n<div>\r\n    <link href=\"https://fonts.googleapis.com/css?family=Roboto&display=swap&subset=cyrillic\" rel=\"stylesheet\">\r\n    <!-- \u0418\u0417\u041c\u0415\u041d\u0418\u0422\u042c \u0418\u041c\u042f \u0421\u0410\u0419\u0422\u0410 -->\r\n    <link rel=\"stylesheet\" href=\"http://127.0.0.1:8000/static/help_bot/css/bs_copy.css\">\r\n    <script src=\"https://cdnjs.cloudflare.com/ajax/libs/jquery/3.5.1/jquery.min.js\"></script>\r\n\r\n    <script type=\"text/javascript\">\r\n        $(document).ready(function f1() {\r\n            var help_bot_iframe = $(\"#id_iframe_help_chat\").removeAttr('hidden');\r\n            var help_bot_iframe_div = $(\"#id_iframe_div_help_chat\").removeAttr('hidden');\r\n            var windowSize = $(window).width();\r\n            var bot_height = '60%';\r\n\r\n            if (windowSize <= 597) {\r\n                bot_height = '95%';\r\n            }\r\n\r\n            $(help_bot_iframe).hide();\r\n            $(help_bot_iframe_div).height('50px');\r\n            setTimeout(popup, 3000);\r\n\r\n            function popup() {\r\n                $(help_bot_iframe).show();\r\n                $(help_bot_iframe_div).height(bot_height);\r\n                $('.help_chat_btn_close').show();\r\n            }\r\n\r\n            $(\"#id_btn_hide_help_chat\").on(\"click\", function () {\r\n                $(help_bot_iframe).hide();\r\n                $(help_bot_iframe_div).height('50px');\r\n                $('.help_chat_btn_close').hide();\r\n            });\r\n            $(\"#id_btn_open_help_chat\").on(\"click\", function () {\r\n                $(help_bot_iframe).show();\r\n                $(help_bot_iframe_div).height(bot_height);\r\n                $('.help_chat_btn_close').show();\r\n            });\r\n        });\r\n    </script>\r\n\r\n    <div hidden id=\"id_iframe_div_help_chat\" class=\"help_chat_iframe_div\" style=\"z-index: 10;\">\r\n        <div class=\"help_chat_head_div\">\r\n            <p id=\"id_btn_open_help_chat\" class=\"help_chat_btn_open\">Your Button Bot</p>\r\n            <a id=\"id_btn_hide_help_chat\" class=\"help_chat_btn_close\">\r\n                <!-- \u0418\u0417\u041c\u0415\u041d\u0418\u0422\u042c \u0418\u041c\u042f \u0421\u0410\u0419\u0422\u0410 -->\r\n                <img src=\"http://127.0.0.1:8000/static/help_bot/img/close_chat_white.png\" alt=\"\u274c\">\r\n            </a>\r\n        </div>\r\n        <!-- \u0418\u0417\u041c\u0415\u041d\u0418\u0422\u042c \u0418\u041c\u042f \u0421\u0410\u0419\u0422\u0410 -->\r\n        <iframe hidden id=\"id_iframe_help_chat\" class=\"help_chat_iframe\"\r\n                src=\"http://127.0.0.1:8000/web_chat_iframe/\"></iframe>\r\n    </div>\r\n</div>"}}, {"model": "help_bot.editionbuttons", "pk": 1, "fields": {"btn_name": "\u0412\u0435\u0440\u043d\u0443\u0442\u044c\u0441\u044f \u0432 \u043c\u0435\u043d\u044e", "btn_active": true, "btn_position_start": true, "btn_position_end": false}}]